Full Name,Email Address
devesh,devesh@gmail.com
Kartik,kartik@gmail.com
Varun,varun@gmail.com
Akshay,akshay@gmail.com
Nirlesh,nirlesh@gmail.com
Ridhansh,ridhansh@gmail.com
parv,parv@gmail.com
Atishay,atishay@gmail.com
Vikram,vikram@gmail.com